peer_group,prompt_global_id,trajectory_id,trajectory_number,search_index,search_ordinal,peer_count,R_task,Z_outcome,IG,G,A_loc,A_ret,A_search,IG_mean,IG_std,G_mean,G_std,exact_query_repeat,no_new_passage,singleton_fallback
same_depth,hotpotqa:train_46072:125240,hotpotqa:train_46072:125240:snapshot-324:trajectory-00,00,1,2,16,0.0,-0.8783877588841451,0.32757043838500977,0.32757043838500977,0.46486353009017556,-0.24893114481568032,0.10796619263724762,0.23721847939305007,0.19436133032613456,0.4048570186132565,0.310472726722597,False,False,False
same_depth,hotpotqa:train_46072:125240,hotpotqa:train_46072:125240:snapshot-324:trajectory-01,01,1,2,16,0.0,-0.8783877588841451,0.15343621373176575,0.5217396207153797,-0.4310622615025248,0.37646535613802784,-0.02729845268224848,0.23721847939305007,0.19436133032613456,0.4048570186132565,0.310472726722597,False,True,False
same_depth,hotpotqa:train_46072:125240,hotpotqa:train_46072:125240:snapshot-324:trajectory-02,02,1,2,16,0.0,-0.8783877588841451,0.17963433265686035,0.2824174165725708,-0.29627215643877663,-0.3943638108550274,-0.345317983646902,0.23721847939305007,0.19436133032613456,0.4048570186132565,0.310472726722597,False,False,False
same_depth,hotpotqa:train_46072:125240,hotpotqa:train_46072:125240:snapshot-324:trajectory-03,03,1,2,16,1.0,1.2147915814355195,0.10510146617889404,0.6234166212379932,-0.6797459826318576,0.7039552265239372,0.012104621946039784,0.23721847939305007,0.19436133032613456,0.4048570186132565,0.310472726722597,False,False,False
same_depth,hotpotqa:train_46072:125240,hotpotqa:train_46072:125240:snapshot-324:trajectory-04,04,1,2,16,0.0,-0.8783877588841451,0.5877199172973633,0.7378015518188477,1.803340376276522,1.0723758712861118,1.437858123781317,0.23721847939305007,0.19436133032613456,0.4048570186132565,0.310472726722597,False,False,False
same_depth,hotpotqa:train_46072:125240,hotpotqa:train_46072:125240:snapshot-324:trajectory-05,05,1,2,16,1.0,1.2147915814355195,0.047049760818481445,0.44855215586721897,-0.9784237421699504,0.14073698832817283,-0.4188433769208888,0.23721847939305007,0.19436133032613456,0.4048570186132565,0.310472726722597,False,True,False
same_depth,hotpotqa:train_46072:125240,hotpotqa:train_46072:125240:snapshot-324:trajectory-06,06,1,2,16,1.0,1.2147915814355195,0.020816564559936523,0.44804801419377327,-1.1133943211629393,0.13911320624919474,-0.4871405574568723,0.23721847939305007,0.19436133032613456,0.4048570186132565,0.310472726722597,True,True,False
same_depth,hotpotqa:train_46072:125240,hotpotqa:train_46072:125240:snapshot-324:trajectory-07,07,1,2,16,0.0,-0.8783877588841451,0.056150197982788086,0.03496783971786499,-0.9316017209015475,-1.1913703062735521,-1.0614860135875497,0.23721847939305007,0.19436133032613456,0.4048570186132565,0.310472726722597,False,True,False
same_depth,hotpotqa:train_46072:125240,hotpotqa:train_46072:125240:snapshot-324:trajectory-08,08,1,2,16,0.0,-0.8783877588841451,0.02634701132774353,-0.13373810052871704,-1.0849400072095765,-1.7347526466327992,-1.4098463269211878,0.23721847939305007,0.19436133032613456,0.4048570186132565,0.310472726722597,False,True,False
same_depth,hotpotqa:train_46072:125240,hotpotqa:train_46072:125240:snapshot-324:trajectory-09,09,1,2,16,0.0,-0.8783877588841451,0.1483284831047058,0.1483284831047058,-0.4573416882746226,-0.8262487722117453,-0.641795230243184,0.23721847939305007,0.19436133032613456,0.4048570186132565,0.310472726722597,False,True,False
same_depth,hotpotqa:train_46072:125240,hotpotqa:train_46072:125240:snapshot-324:trajectory-10,10,1,2,16,0.0,-0.8783877588841451,0.27734702825546265,0.2634430229663849,0.20646258354218117,-0.4554781402589425,-0.12450777835838067,0.23721847939305007,0.19436133032613456,0.4048570186132565,0.310472726722597,False,True,False
same_depth,hotpotqa:train_46072:125240,hotpotqa:train_46072:125240:snapshot-324:trajectory-11,11,1,2,16,0.8571428571428571,0.915765961389853,0.4641471914947033,0.4641471914947033,1.1675550078087311,0.1909667961515518,0.6792609019801414,0.23721847939305007,0.19436133032613456,0.4048570186132565,0.310472726722597,False,False,False
same_depth,hotpotqa:train_46072:125240,hotpotqa:train_46072:125240:snapshot-324:trajectory-12,12,1,2,16,1.0,1.2147915814355195,0.1812242865562439,0.5493788383901119,-0.28809179609469326,0.46548808268721303,0.08869814329625988,0.23721847939305007,0.19436133032613456,0.4048570186132565,0.310472726722597,False,True,False
same_depth,hotpotqa:train_46072:125240,hotpotqa:train_46072:125240:snapshot-324:trajectory-13,13,1,2,16,0.8571428571428571,0.915765961389853,0.1272507905960083,0.07070189714431763,-0.5657870463505921,-1.0762750362045959,-0.821031041277594,0.23721847939305007,0.19436133032613456,0.4048570186132565,0.310472726722597,False,True,False
same_depth,hotpotqa:train_46072:125240,hotpotqa:train_46072:125240:snapshot-324:trajectory-14,14,1,2,16,1.0,1.2147915814355195,0.6404752731323242,1.238040592521429,2.07476825917152,2.683588021129427,2.3791781401504735,0.23721847939305007,0.19436133032613456,0.4048570186132565,0.310472726722597,False,False,False
same_depth,hotpotqa:train_46072:125240,hotpotqa:train_46072:125240:snapshot-324:trajectory-15,15,1,2,16,0.0,-0.8783877588841451,0.45289671421051025,0.45289671421051025,1.1096709658479507,0.15473030875870664,0.6322006373033286,0.23721847939305007,0.19436133032613456,0.4048570186132565,0.310472726722597,False,False,False
delayed_return,hotpotqa:train_9205:88373,hotpotqa:train_9205:88373:snapshot-324:trajectory-00,00,1,2,14,0.4444444444444445,0.44700850830799194,0.041930198669433594,0.041930198669433594,-0.17578619241990576,-0.4543037526983494,-0.31504497255912756,0.16290468722581863,0.6881900740031824,0.5571399283196244,1.1340634372627099,False,True,False
delayed_return,hotpotqa:train_9205:88373,hotpotqa:train_9205:88373:snapshot-324:trajectory-02,02,1,2,14,0.5714285714285715,0.85028138566921,0.035013675689697266,0.07778668403625488,-0.18583648693986105,-0.422686073677069,-0.304261280308465,0.16290468722581863,0.6881900740031824,0.5571399283196244,1.1340634372627099,True,True,False
delayed_return,hotpotqa:train_9205:88373,hotpotqa:train_9205:88373:snapshot-324:trajectory-03,03,1,2,14,0.0,-0.9644465624562707,-0.185258686542511,-0.185258686542511,-0.505910911838882,-0.6546353015478223,-0.5802731066933522,0.16290468722581863,0.6881900740031824,0.5571399283196244,1.1340634372627099,False,False,False
delayed_return,hotpotqa:train_9205:88373,hotpotqa:train_9205:88373:snapshot-324:trajectory-04,04,1,2,14,0.4444444444444445,0.44700850830799194,0.03454279899597168,0.08008575439453125,-0.18652071071362566,-0.4206587899683711,-0.3035897503409984,0.16290468722581863,0.6881900740031824,0.5571399283196244,1.1340634372627099,True,True,False
delayed_return,hotpotqa:train_9205:88373,hotpotqa:train_9205:88373:snapshot-324:trajectory-05,05,1,2,14,0.0,-0.9644465624562707,0.13273024559020996,2.703048914670944,-0.04384602296580954,1.8922284447353785,0.9241912108847845,0.16290468722581863,0.6881900740031824,0.5571399283196244,1.1340634372627099,False,False,False
delayed_return,hotpotqa:train_9205:88373,hotpotqa:train_9205:88373:snapshot-324:trajectory-06,06,1,2,14,0.25,-0.170503085151373,0.029510974884033203,0.029510974884033203,-0.19383237792643698,-0.46525482688543585,-0.3295436024059364,0.16290468722581863,0.6881900740031824,0.5571399283196244,1.1340634372627099,False,False,False
delayed_return,hotpotqa:train_9205:88373,hotpotqa:train_9205:88373:snapshot-324:trajectory-07,07,1,2,14,1.0,2.21132734676332,-0.051125675439834595,-0.051125675439834595,-0.31100427010865805,-0.5363589437894986,-0.4236816069490783,0.16290468722581863,0.6881900740031824,0.5571399283196244,1.1340634372627099,False,False,False
delayed_return,hotpotqa:train_9205:88373,hotpotqa:train_9205:88373:snapshot-324:trajectory-08,08,1,2,14,0.0,-0.9644465624562707,-0.1621570587158203,-0.1621570587158203,-0.4723422872237598,-0.6342646532251829,-0.5533034702244713,0.16290468722581863,0.6881900740031824,0.5571399283196244,1.1340634372627099,False,False,False
delayed_return,hotpotqa:train_9205:88373,hotpotqa:train_9205:88373:snapshot-324:trajectory-09,09,1,2,14,0.7272727272727273,1.3452071897034317,2.6199252754449844,2.6199252754449844,3.57025930883812,1.8189313405367888,2.6945953246874543,0.16290468722581863,0.6881900740031824,0.5571399283196244,1.1340634372627099,False,False,False
delayed_return,hotpotqa:train_9205:88373,hotpotqa:train_9205:88373:snapshot-324:trajectory-10,10,1,2,14,0.6,0.9410177830754837,-0.02328348159790039,2.83737526088953,-0.2705472009985093,2.010675282326732,0.8700640406641115,0.16290468722581863,0.6881900740031824,0.5571399283196244,1.1340634372627099,True,True,False
delayed_return,hotpotqa:train_9205:88373,hotpotqa:train_9205:88373:snapshot-324:trajectory-11,11,1,2,14,0.0,-0.9644465624562707,0.12125778198242188,0.12125778198242188,-0.06051648563405251,-0.3843539502828348,-0.22243521795844365,0.16290468722581863,0.6881900740031824,0.5571399283196244,1.1340634372627099,False,False,False
delayed_return,hotpotqa:train_9205:88373,hotpotqa:train_9205:88373:snapshot-324:trajectory-12,12,1,2,14,0.0,-0.9644465624562707,-0.15594717860221863,-0.15594717860221863,-0.4633188047227749,-0.6287888796187109,-0.5460538421707429,0.16290468722581863,0.6881900740031824,0.5571399283196244,1.1340634372627099,False,False,False
delayed_return,hotpotqa:train_9205:88373,hotpotqa:train_9205:88373:snapshot-324:trajectory-13,13,1,2,14,0.0,-0.9644465624562707,-0.09045717120170593,-0.09045717120170593,-0.3681562693827571,-0.571040831757704,-0.4695985505702306,0.16290468722581863,0.6881900740031824,0.5571399283196244,1.1340634372627099,False,False,False
delayed_return,hotpotqa:train_9205:88373,hotpotqa:train_9205:88373:snapshot-324:trajectory-15,15,1,2,14,0.25,-0.170503085151373,-0.06601607799530029,-0.06601607799530029,-0.3326412879630873,-0.5494890641479208,-0.441065176055504,0.16290468722581863,0.6881900740031824,0.5571399283196244,1.1340634372627099,False,False,False
negative_tail,nq:train_70310:70310,nq:train_70310:70310:snapshot-324:trajectory-02,02,4,5,6,0.0,0.0,-0.09773969650268555,-0.09773969650268555,0.11610458560238203,0.11610458560238203,0.11610458560238203,-0.11299717426300049,0.13141050008119848,-0.11299717426300049,0.13141050008119848,False,True,False
negative_tail,nq:train_70310:70310,nq:train_70310:70310:snapshot-324:trajectory-03,03,4,5,6,0.0,0.0,-0.07220578193664551,-0.07220578193664551,0.3104096087568454,0.3104096087568454,0.3104096087568454,-0.11299717426300049,0.13141050008119848,-0.11299717426300049,0.13141050008119848,True,True,False
negative_tail,nq:train_70310:70310,nq:train_70310:70310:snapshot-324:trajectory-09,09,4,5,6,0.0,0.0,-0.4014139175415039,-0.4014139175415039,-2.1947602995193893,-2.1947602995193893,-2.1947602995193893,-0.11299717426300049,0.13141050008119848,-0.11299717426300049,0.13141050008119848,False,False,False
negative_tail,nq:train_70310:70310,nq:train_70310:70310:snapshot-324:trajectory-10,10,4,5,6,0.0,-1.2998626603598553,-0.04303550720214844,-0.04303550720214844,0.5323861839916834,0.5323861839916834,0.5323861839916834,-0.11299717426300049,0.13141050008119848,-0.11299717426300049,0.13141050008119848,True,True,False
negative_tail,nq:train_70310:70310,nq:train_70310:70310:snapshot-324:trajectory-11,11,4,5,6,0.0,-1.2998626603598553,-0.046774864196777344,-0.046774864196777344,0.503930858602974,0.503930858602974,0.503930858602974,-0.11299717426300049,0.13141050008119848,-0.11299717426300049,0.13141050008119848,False,True,False
negative_tail,nq:train_70310:70310,nq:train_70310:70310:snapshot-324:trajectory-15,15,4,5,6,0.6666666666666666,1.1141679945941616,-0.016813278198242188,-0.016813278198242188,0.7319290625655044,0.7319290625655044,0.7319290625655044,-0.11299717426300049,0.13141050008119848,-0.11299717426300049,0.13141050008119848,False,False,False
singleton_search_4,hotpotqa:train_30199:109367,hotpotqa:train_30199:109367:snapshot-324:trajectory-15,15,3,4,1,0.8000000000000002,1.5269161093916115,-0.08211374282836914,1.572253793478012,,,1.5269161093916115,-0.08211374282836914,0.0,1.572253793478012,0.0,False,True,True
singleton_search_5,hotpotqa:train_30199:109367,hotpotqa:train_30199:109367:snapshot-324:trajectory-15,15,4,5,1,0.8000000000000002,1.5269161093916115,1.6543675363063812,1.6543675363063812,,,1.5269161093916115,1.6543675363063812,0.0,1.6543675363063812,0.0,False,False,True
